uid,label,direction_std,duration,e2e_distance,hjorthRatio,hjorthRatio2,hjorthRatio3,mean_step_speed,stddev_step_speed,track_length
lab_0_0,0,0.1477992544711319,300.0,40.40877174574849,2.892012430757148,0.0012565144336004151,25667,0.1730878285772176,0.10014095198813815,51.926348573165285
lab_0_1,0,0.15033745360207337,300.0,32.95732246405949,0.7818123189989276,0.0030891300177464725,27472,0.1650476614328481,0.08619363543140106,49.514298429854435
lab_0_2,0,0.16347772960797305,300.0,31.649486141168218,3.549139673880515,0.00040574763063598725,16864,0.16738812570567846,0.09917697333255542,50.216437711703534
lab_0_3,0,0.19643523077311983,300.0,42.52494808932751,2.8023017663798986,6.694589941500451e-05,14987,0.21592692177618394,0.10979698441029707,64.77807653285518
lab_0_4,0,0.13761916125469015,300.0,1.616935682085197,0.0003361894127497043,0.000594436837150318,43628,0.09778595893060893,0.0969844810748326,29.33578767918268
lab_0_5,1,1.663850473664715,117.0,339.8043588243093,2899.0643965100144,0.07196185154545853,545,3.263915719831237,0.7418042588539931,381.87813922025475
lab_0_6,1,1.8957703641424481,157.0,147.71040836718308,145.94227702601933,0.04901392627278438,1046,1.9504918201789678,0.821394668120148,306.22721576809795
lab_1_0,1,4.218332637955955,300.0,961.6761409123136,5262.724561664319,3.748997667831309e-05,7203,4.621280730051717,2.5911162743856155,1386.3842190155153
lab_1_1,0,0.030727186659373806,300.0,36.49657518178932,0.004552459797773533,0.002151136729494317,33444,0.12528391629707983,0.0069354392266313195,37.58517488912395
lab_1_2,0,0.055903488263255904,20.0,2.23606797749979,0.003981270354322141,0.0,210,0.11180397130839168,0.05590234341843211,2.2360794261678336
lab_1_3,1,4.517578854996458,90.0,1085.7927979131193,26033.203818193,0.00011058633767168037,491,12.513858438965908,3.0595350250522833,1126.2472595069316
lab_1_4,0,1.332994748676828,40.0,247.54191564258366,2997.5684997171425,0.0,820,6.274431987095902,0.8405374704959769,250.97727948383607
lab_1_5,1,8.000282341956463,112.0,255.01764644824092,108931.77924455967,0.09800556406141427,77,7.7445549672350165,3.0349393031428376,867.3901563303218
lab_1_6,1,6.331472443251568,85.0,1045.1913700370856,650341.1210979938,9.31848624068196e-07,602,13.423882295707177,3.3298077200006366,1141.02999513511
lab_1_7,1,2.8466940528146796,47.0,146.57762448614045,135.20897414960302,0.0,1128,4.042375201204968,1.220241852868358,189.9916344566335
lab_1_8,1,2.484325864293974,8.0,42.2965719651132,1415.7801448528094,0.0,36,5.361343395001338,2.319697609792176,42.890747160010704
lab_2_0,1,6.460434697553511,51.0,380.1473398565351,85049.00623778677,0.0,1326,8.566769506125334,4.8895649986455805,436.905244812392
lab_2_1,1,5.216495823281501,127.0,688.7437840009883,157957.60804767194,0.0002734714708702193,22,6.789065377066827,3.2451956492599114,862.211302887487
lab_2_2,1,3.779940591891021,47.0,641.0818980442358,87938.79369129677,0.0,1128,14.027560283552868,1.8884398440198866,659.2953333269847
lab_2_3,1,6.33727714456708,91.0,585.702996406882,88622.54114348289,0.01147854182087292,445,8.696963940553196,2.439224173454702,791.4237185903409
lab_2_4,0,0.015572979972884628,303.0,21.540659228538015,0.00018039703080768518,0.00021394093459764442,46056,0.0727721087289137,0.0008418075742379896,22.04994894486085
lab_2_5,1,9.278658249138704,37.0,439.7101317913882,38561.14527675093,0.0,703,14.69731889148386,3.3635014087043094,543.8007989849028
lab_2_6,1,9.095992911407677,104.0,542.2739160239961,162167.4970631302,0.00011646868153314109,178,9.911454996930708,3.4187335877218166,1030.7913196807935
lab_2_7,1,9.241089073952661,44.0,77.0,24807.444944057013,0.0,990,8.528467844070706,3.9655344539392483,375.25258513911103
lab_2_9,1,6.637412122385055,101.0,1002.0144709533889,683569.6254900338,1.5837563674868085e-06,193,11.23574927563762,4.029657086503839,1134.8106768393995
lab_2_10,1,7.571278828707923,21.0,84.8528137423857,20897.805674867224,0.0,231,7.203504630840061,4.664795252500532,151.27359724764128
lab_2_11,1,3.0872097754332897,9.0,170.3202865192517,52207.06621222726,0.0,45,19.002322870005955,2.5648376577700662,171.02090583005358
lab_2_12,1,3.344772040064913,4.0,40.311288741492746,1753.2428317465765,0.0,10,10.520108416386648,1.4412907088685463,42.08043366554659
lab_2_13,1,7.268358343528859,146.0,505.72917653621687,10437.77696822864,0.0009909722143026506,347,7.549634571381651,2.798328689599803,1102.246647421721
lab_2_14,1,5.082978142782045,10.0,103.23759005323593,34045.53302413173,0.0,55,10.466302716166888,4.782590747027977,104.66302716166888
lab_2_15,1,11.200917623123562,120.0,586.436697351044,69695.95829356098,1.5136822150627948e-05,107,11.716219677069347,3.474658555693355,1405.9463612483216
lab_2_16,1,8.234338168972156,110.0,747.5433097821156,258189.14671761455,1.688075611397865e-06,97,10.36740019551718,2.5504689737360784,1140.4140215068896
lab_2_17,1,4.251183642031551,21.0,213.74049686477292,50199.08917426797,0.0,231,10.690850662840187,2.7152124726282807,224.50786391964394
lab_2_18,1,2.856800774208112,46.0,549.8881704492287,256399.88239907948,0.0,1081,12.157899982548983,1.8019606632018357,559.2633991972532
lab_2_19,1,3.5854828193696227,39.0,402.7964746618322,119846.54909782019,0.0,780,10.753185950308056,1.9734824406967584,419.3742520620142
lab_2_20,1,8.177397048279305,26.0,305.8512710452582,146364.29016331676,0.0,351,13.92191464191693,3.3808715892768104,361.96978068984015
lab_3_0,1,5.142692211827215,73.0,232.76812496559748,7766.648160355073,0.009681725890629244,2302,4.975789698580143,3.4432540437426793,363.2326479963504
lab_3_1,0,0.7864826707694696,299.0,19.4164878389476,0.03546514723139536,0.0011765039751517408,38238,0.1680123997266275,0.7710666508327243,50.23570751826162
lab_3_2,0,0.04650913153954236,299.0,8.06225774829855,0.0038250156755074787,6.559082990047369e-05,40322,0.04838913049210189,0.023423334206201123,14.468350017138466
lab_3_3,0,0.0717696976298517,299.0,5.0,0.05883045636785984,0.005168416328116392,34734,0.05769329799128839,0.04584770217777604,17.25029609939523
lab_3_4,0,0.08429993601208684,299.0,9.848857801796104,0.03484139538455357,0.007950636731630222,32124,0.08776825853865788,0.022095498499940684,26.242709303058707
lab_3_5,0,0.14246882733859859,299.0,6.0,0.09513114554780802,0.002216911642882066,29615,0.115018798935133,0.08643334260724865,34.39062088160477
lab_3_6,0,0.13532313236354998,299.0,8.06225774829855,0.06613590849615059,0.00024862673279207816,44410,0.1282289383020005,0.05095832368886586,38.340452552298146
lab_3_7,0,0.06358016285921729,299.0,8.06225774829855,0.03074703805048006,0.009110937012357004,32573,0.061555212854709405,0.03131220366200077,18.405008643558112
lab_3_8,0,0.11074650464442988,299.0,18.35755975068582,0.009794159489672074,0.00014308368582654027,44777,0.11567428027281162,0.05151487118882423,34.586609801570674
lab_3_9,0,0.07860719756513093,299.0,19.313207915827967,0.003179450362004348,0.0007810537736370744,43250,0.07835651286223519,0.06489654258815691,23.42859734580832
lab_3_10,0,0.093627223135769,299.0,12.806248474865697,0.018000937395037338,0.0005076425705412159,44850,0.0895632416510553,0.05078300935617203,26.779409253665534
lab_3_11,0,0.045696462523630035,299.0,26.419689627245813,0.0015214555251328041,0.00024371054300489727,44850,0.0994428313359263,0.0026093897032862814,29.73340656944196
lab_3_13,1,4.276724846120338,63.0,444.28819475651164,81763.28544784305,0.010797129830326097,1599,7.784264001902853,2.7256271704855126,490.40863211987977
lab_3_14,1,5.6173390737871784,34.0,242.53865671269807,23991.540597965013,0.0,595,8.43898841478399,3.3503210302491664,286.92560610265565
lab_4_0,1,2.3324259605043363,45.0,446.65382210499445,41040.99954561762,0.0,1035,9.948813522422304,2.2315150723867685,447.6966085090037
lab_4_1,0,0.3026682899919756,300.0,607.6205941712311,2871.716520902318,1.2234373256063648e-06,6964,2.036008536141548,0.22029643080499095,610.8025608424643
lab_4_2,0,0.14551868818509614,300.0,565.4197800970531,142.5917314127649,1.8616008606238792e-06,4413,1.8885066021046002,0.08327951213036437,566.55198063138
lab_4_3,0,0.16091733958084725,300.0,576.4008321333341,120.84690197548719,1.5278655300358743e-06,4899,1.9246629335085599,0.11445269348028264,577.398880052568
lab_4_4,0,0.18139874472216652,220.0,315.71693926363844,93.66986968196993,1.0430548697667024e-05,2055,1.4417366154926852,0.11724769702126003,317.18205540839074
lab_4_5,0,0.1612603093689765,300.0,522.8044283821628,115.88235853722247,8.516007646450757e-07,4166,1.7469425699873022,0.10552300143962459,524.0827709961907
lab_4_6,0,0.1915874253716188,263.0,458.02203947845123,504.4473393671359,2.771332444228933e-06,2326,1.7453765668005101,0.15260563674991057,459.0340370685342
lab_4_7,0,0.8021097832066915,165.0,289.2809503579521,169.75132348443807,2.2318239214318864e-05,278,1.7550488967318767,0.7980954908433349,289.58306796075965
lab_4_8,0,0.1324256342673597,36.0,66.53355367782478,41.72849838356032,0.0,666,1.851739817486801,0.06534828485846363,66.66263342952483
lab_4_9,0,0.19004213950829124,300.0,691.0531950356643,167.4497139904698,6.174135671560622e-07,4676,2.3090736284999136,0.1022560910960443,692.722088549974
lab_4_10,0,0.11799374748029837,15.0,41.23732062101029,5.205010795409994,0.0,120,2.7516472731794948,0.014540197288496589,41.27470909769242
lab_4_11,0,0.25976675057805704,34.0,75.07650439385148,156.9269020601146,0.0,595,2.2103572314889908,0.24010150506345102,75.15214587062569
lab_4_13,0,0.16962487806982823,280.0,617.1710668996077,279.57740665106485,1.3517471430352755e-06,2443,2.2089467846980373,0.08801519073872449,618.5050997154505
lab_4_14,0,0.1971414952132691,106.0,177.13123465385772,198.78887152481403,5.794668084445722e-05,221,1.6795574321179398,0.10177250875431253,178.03308780450163
lab_4_15,0,0.5811692175510602,82.0,181.3731316650843,1544.4994864884302,2.706847031654992e-05,756,2.223714282091651,0.5340506611687529,182.3445711315154
lab_4_16,0,0.2347264483315335,107.0,286.54167582744395,809.3706071212489,2.1351446446281886e-05,164,2.6833766458106654,0.1614119970530834,287.1213011017412
lab_4_17,0,0.15848705546676028,159.0,327.6298191572312,96.7487411570198,2.5385416186254044e-05,420,2.064176439751495,0.10110133985637274,328.2040539204877
lab_4_19,0,0.21765148792572273,88.0,226.37928727248874,1156.5565475373621,1.5899141307249757e-05,550,2.573194706936971,0.2091787517687959,226.44113421045347
lab_4_20,0,0.28754072401792063,32.0,56.593396257867404,366.0603681359088,0.0,528,1.772961356174412,0.2589097902980689,56.73476339758118
lab_4_21,0,0.11981137620813119,31.0,84.08465764930017,91.78764722112416,0.0,496,2.713152747227262,0.10156664371928166,84.10773516404512
lab_4_22,0,0.4302507594140091,26.0,39.99062390110963,126.41913565822786,0.0,351,1.5417292068705992,0.41706259305805327,40.08495937863558
lab_4_23,0,0.21278794608717985,20.0,39.85156905317529,55.5289888410515,0.0,210,1.9926114130412056,0.21247907336471347,39.85222826082411
lab_5_0,0,40.088021897840335,299.0,562.9211929009247,11881737.146158177,0.000475295267397563,7196,5.154319338772918,39.79983635917988,1541.1414822931026
lab_5_1,0,0.15148476622080437,43.0,98.30737110206941,180.7881108770804,0.0,946,2.2887274534966746,0.10708274080386208,98.415280500357
lab_5_2,0,0.1664863072316525,299.0,547.8226898303866,1025.1686878315124,8.058676734881353e-07,8610,1.83465399887059,0.1365891922451599,548.5615456623065
lab_5_3,0,0.02944442512460372,56.0,7.384793632864779,0.11455210999908058,0.0,1596,0.1325357458542725,0.026292469035726445,7.4220017678392605
lab_5_4,0,0.18963382844020568,30.0,69.83408057674994,80.57678337215188,0.0,465,2.3322938706350125,0.12260356573807803,69.96881611905037
lab_5_5,0,0.18008134155465821,68.0,130.47047850375958,329.9476341810967,0.0009575348096101347,1368,1.9221327813161186,0.1384964337679164,130.70502912949607
lab_5_6,1,0.7732466648256088,54.0,132.99405094965712,1451.7119710784386,0.0,1485,2.535990183037696,0.4819834933197717,136.94346988403558
lab_5_7,0,0.0006871842709246226,6.0,9.740796938649403,0.04475028114714771,0.0,21,1.6234661876217027,0.0006090832715265437,9.740797125730216
lab_5_8,0,0.11003214076546858,299.0,39.119336727505974,1.7445158452707212,0.0002007578311104705,14143,0.1415353571111954,0.09587661147123337,42.31907177624742
lab_5_9,1,0.6514012133467005,41.0,98.17047915743314,817.2506439113206,0.0,861,2.4263030104095327,0.5201325292837493,99.47842342679084
lab_5_10,0,0.22712087631599726,112.0,238.93222159641843,598.2844477936862,2.8570992083048378e-05,140,2.1357220937639836,0.20333172402284114,239.20087450156618
lab_5_11,0,0.3232252759443344,157.0,365.65575870482337,1870.459027739386,2.1252829540884076e-05,297,2.335711264338242,0.27064795656912755,366.706668501104
lab_5_12,0,0.3133305426924777,137.0,322.5209212392275,3607.1407420856026,2.415488399998304e-05,160,2.358828174144672,0.2760604813928626,323.1594598578201
lab_5_13,0,0.16774332282085064,299.0,37.965326457176666,4.521306644012261,0.00016133424562187872,25724,0.17569567785044937,0.11572092780693073,52.53300767728436
lab_5_14,0,0.0004898979485543336,10.0,25.305377215129596,0.16933191380876783,0.0,55,2.5305377456142306,0.0003435427913795538,25.305377456142306
lab_5_15,0,0.29174966837128274,299.0,740.2336879830585,2002.8666338099051,8.828250447936606e-07,4566,2.4823890343633854,0.22790986409694186,742.2343212746522
lab_5_16,0,0.2664116763693403,242.0,616.924131434328,1644.155238641461,1.9709010444927335e-06,1913,2.5557845961780146,0.1942536650077342,618.4998722750795
lab_5_17,0,0.08233929813281701,97.0,223.54448098756544,117.38930363804937,3.0801474373042385e-05,330,2.3056217512572084,0.04458225255686794,223.64530987194922
lab_5_18,0,0.31680423702657456,249.0,575.1452373870446,833.3028555745022,1.4779113926574518e-06,1333,2.3230163946453817,0.19806375714784516,578.4310822667001
lab_5_19,0,1.437395778987683,299.0,547.0696812381399,163.13991860446004,5.133467386870368e-06,4709,1.9925158511983594,1.2015237569753292,595.7622395083094
lab_5_20,0,0.27558035445472073,299.0,540.4398671452726,240.24073934058387,3.9396925162641514e-08,3590,1.8202990203143512,0.17169865018511138,544.269407073991
lab_5_21,0,0.1283434646938352,295.0,478.67896014447933,149.27219943212134,1.097977115845549e-06,7085,1.6249077258602147,0.09544243663576281,479.34777912876336
lab_5_22,0,0.26836838949914366,281.0,679.8602294773536,310.1407559828692,7.139635009812053e-07,2554,2.4265815024056496,0.1933189298129439,681.8694021759875
lab_5_23,0,0.15707129328005334,285.0,477.31012081978736,185.66474418504407,1.9173659309853724e-06,4233,1.6797148563418405,0.08995459662899596,478.7187340574245
lab_5_24,1,1.3169110412576985,36.0,202.7122430959708,7278.901924817578,0.0,666,5.738974968480667,0.7109196352745999,206.60309886530402
lab_5_25,1,0.09700850478178229,10.0,30.35641324333295,10.774884809270668,0.0,55,3.03575590733331,0.09335400950635356,30.357559073333096
lab_5_26,0,0.1944579554036115,90.0,229.77096128318738,387.0532333682564,2.2753625035159938e-05,496,2.5584624565284937,0.09973611115097425,230.26162108756444
lab_5_27,0,0.5740486966262452,249.0,495.8628387941568,9162.094003116192,3.433144653563221e-06,1974,2.0096926735001666,0.5063684673697809,500.4134757015415
lab_5_28,0,0.16484654308839708,184.0,356.26264113010785,472.992301230733,1.5885577753113212e-05,1252,1.9400223699645152,0.11134080424283026,356.9641160734708
lab_5_29,0,0.21434366233223412,246.0,579.5151993632263,252.52794866943682,1.9726350245369947e-06,2070,2.3630760348729223,0.10670668212859624,581.3167045787388
lab_5_30,0,0.19815756317783145,158.0,335.2574911631357,375.89858087945447,2.7680453811079507e-05,291,2.1268318265398825,0.13505426231306875,336.0394285933014
lab_5_31,0,0.10008836123846702,38.0,81.93858608738621,76.89080815070879,0.0,741,2.1564618092033787,0.09605969731004248,81.94554874972839
lab_5_32,0,0.07816728052799105,233.0,420.36263141364026,67.22963941704892,5.227823013073957e-06,2182,1.8052286128551582,0.0463694203133856,420.6182667952519
lab_5_33,0,0.1883328386101834,53.0,122.99725110749425,302.79816234475186,0.0,1431,2.324296813027442,0.13702301296698435,123.18773109045443
lab_5_34,0,0.1697768555960145,213.0,379.37907420547066,409.1806144975773,9.82509105846681e-06,795,1.7865763414884097,0.09677918565307964,380.5407607370313
lab_5_35,0,0.3110771761385502,198.0,279.44446662082964,311.78868611421586,2.530661154819614e-05,1088,1.427797608082581,0.22367706576133142,282.703926400351
lab_5_36,0,0.09581721122903347,191.0,443.2310666514702,63.660237913878916,8.584126033874266e-06,343,2.3220964267286264,0.04634247257883517,443.52041750516764
lab_5_37,0,0.05874363930910504,134.0,238.09202609285344,36.99901747285018,4.2081005910812136e-05,268,1.7774714391724473,0.03295824043840943,238.18117284910795
lab_5_38,0,0.05020025622884183,188.0,354.52684932033003,147.62446299798086,1.536162070946685e-05,2509,1.8860332143939011,0.03961297271432089,354.5742443060534
lab_5_39,1,1.4497573207405636,152.0,251.8279123409477,3195.0686165280813,0.04399655334916348,480,1.9578281908274375,1.0067608031081912,297.5898850057705
lab_5_40,0,0.0977145913650852,162.0,381.29903022431097,232.05144046477477,1.9064479491064474e-05,420,2.3551056756217634,0.054021690772432254,381.52711945072565
lab_5_41,0,0.21534008691885342,161.0,330.7505441340951,585.591596471929,2.749634599175009e-05,357,2.062433676634654,0.1144445686650364,332.0518219381793
lab_5_42,1,2.3016634964034988,124.0,171.95130124543985,1954.6790111417006,0.0002186069133165605,157,2.4195845342468076,1.1688514162401316,300.02848224660414
lab_5_43,0,0.27075287032205775,103.0,144.18331759603808,479.4623818378115,8.816957913501847e-05,283,1.408624355134995,0.2205245267475146,145.0883085789045
lab_5_44,0,0.13065559440387783,38.0,55.009607024591645,39.781768309037616,0.0,741,1.4488889096617015,0.11575430462092652,55.05777856714466
lab_5_45,0,0.1333786796656391,65.0,159.69737004722398,227.8386777083675,0.00562798108893734,1504,2.4589262210173914,0.08799943824589314,159.83020436613043
lab_5_46,0,0.29336037108390295,52.0,110.66019564866131,268.91799620646236,0.0,1378,2.1447179824254503,0.12236211586666186,111.52533508612342
lab_5_47,0,0.0004810456929176612,22.0,47.90271783521267,0.44350246882294064,0.0,253,2.1773962882565048,0.000362159530291532,47.9027183416431
lab_6_0,0,0.12948811113959338,299.0,13.604040024933775,0.010246162839892096,0.003514267186942551,42495,0.1057823276969028,0.0874493000742711,31.628915981373936
lab_6_1,0,0.16441293393615344,299.0,7.4129778766700865,0.003010281250729311,0.006303976684158175,35125,0.1251708894724664,0.1094464833131157,37.42609595226746
lab_6_2,0,0.1077650218796273,299.0,8.255245120527919,0.006546607725020974,0.0011630435672933847,36596,0.08623568958325038,0.07027795619098652,25.784471185391865
lab_6_4,0,0.12529870896356674,299.0,12.419219178354144,0.14230723748260887,0.0010550505134162306,36711,0.11328288778620368,0.06776415457935829,33.8715834480749
lab_6_5,0,0.015011476705587754,62.0,2.1213203435596424,0.005642627391981052,0.0011112558009491744,1953,0.03421484425096198,0.015011476705587758,2.121320343559643
lab_6_6,1,1.9316788311975044,290.0,908.571840247099,6389.929958385306,2.3969000413901386e-06,2050,3.416947817496795,1.3680568268421496,990.9148670740706
lab_6_7,0,0.0,44.0,0.0,0.0,0.0,990,0.0,0.0,0.0
lab_6_8,0,0.05144599580576217,299.0,7.168945389665068,0.018592053924912595,0.0019658088034714433,41990,0.04899177221107435,0.028659462382367076,14.64853989111123
lab_6_9,0,0.07619735091161382,299.0,21.404584789245504,0.11133835616243146,0.0009296806298068639,25718,0.08666240493962502,0.05848415854613726,25.91205907694788
lab_6_10,0,0.13219919725868937,299.0,5.7076035251233,0.0024943764265113228,0.0010152140923813126,44740,0.1042669677582852,0.08348302915503818,31.175823359727275
lab_6_11,0,0.3132951172523772,154.0,581.9237399453642,492.52389751512646,1.0215001889722848e-05,122,3.7896433777083836,0.12459510392009687,583.605080167091
lab_6_12,0,0.06802657514536209,299.0,8.009605483418067,0.0015142251453833197,0.0009694353013968082,42700,0.06520070834025583,0.033076854963404484,19.495011793736495
lab_6_13,0,0.6488252419344921,61.0,345.59741614340817,7779.661686200496,0.03913923972358372,1712,5.694566472333318,0.3018825421027893,347.36855481233243
lab_6_14,0,1.7675582489030788,7.0,43.09097869624218,1382.7939183759556,0.0,28,6.237849787699848,1.45190629285632,43.664948513898935
lab_6_15,1,3.2205966396039654,230.0,959.7218428404138,9536.370042475917,4.2675643479990395e-07,419,4.812656725354743,2.1498915858373606,1106.911046831591
lab_6_16,0,0.06658690526553655,299.0,8.448083392107353,0.009677215902472214,0.004293917984439826,43122,0.06871925555687394,0.022578625965534515,20.547057411505307
lab_6_18,0,0.0,44.0,0.0,0.0,0.0,990,0.0,0.0,0.0
lab_6_19,1,2.7600433526385335,79.0,70.04864381271061,416.13532660889376,0.0005550955606042983,1412,2.6436727417232593,1.1895612228985328,208.85014659613748
lab_6_21,0,0.07783148766856311,299.0,8.91260971881973,0.1269434961163854,0.0037043337285066293,41460,0.07284300036376247,0.04049886625042931,21.78005710876498
lab_6_23,0,0.0005863019699837579,8.0,47.79250311502846,0.6088250176882977,0.0,36,5.974062906615039,0.00037122278591119354,47.79250325292031
lab_6_24,0,0.7232530583913415,31.0,165.70200849718154,1348.1339730039429,0.0,496,5.352488596663508,0.6673849423659602,165.92714649656875
lab_6_25,0,0.280763283044319,116.0,514.2924572225419,1504.6616512285332,9.061112623546831e-06,64,4.441604247890853,0.0859974836079878,515.2260927553389
lab_6_26,0,0.9072882187247501,35.0,168.03792958138948,2339.635316017548,0.0,630,4.828330828577539,0.7488644993449548,168.99157900021387
lab_6_27,0,0.5230801485783414,14.0,66.12764185270784,109.4957017307061,0.0,105,4.751118557839823,0.10498138981350523,66.51565980975752
lab_6_28,0,0.09585883108614851,288.0,3.0646476143270496,0.02498287372345742,0.00023570815986661848,36919,0.07349130574543208,0.06245940509952685,21.16549605468444
lab_6_30,1,0.2697918495331267,37.0,229.26955349544352,283.876003740027,0.0,703,6.201460983261825,0.10471168963473369,229.45405638068752
lab_6_31,0,0.18370125888211247,86.0,378.8604624396692,365.61686173922607,5.8957663731368384e-06,588,4.408831063532575,0.05568267420818527,379.1594714638014
lab_6_32,0,0.19311920005956917,212.0,3.7165829736466027,0.02160052528994783,0.004408311958944715,22278,0.10231435040018906,0.1647244271798634,21.69064228484008
lab_6_33,1,1.7906547635516334,87.0,623.9631770801864,19519.8376323606,2.26998811152016e-06,546,7.334662199760493,0.9201213072211062,638.1156113791629
lab_6_34,0,0.5378668312807583,179.0,633.7655761841281,8973.593451039975,5.1372010149107665e-06,239,3.553877142142576,0.44162676221443015,636.1440084435211
lab_6_35,1,2.642411000998796,38.0,250.45265696534346,24296.45760335458,0.0,741,7.026036758227766,1.0278963563515144,266.9893968126551
lab_6_36,1,2.292038447115482,48.0,337.1736271774529,33737.399830755356,0.0,1176,7.3190613018891115,1.0137493078613031,351.31494249067737
lab_6_37,0,0.34554112967532136,148.0,671.4801746068159,1296.8565157596822,6.448195831760868e-06,80,4.549383271381762,0.08447172126457256,673.3087241645007
lab_6_38,1,2.536284638126302,46.0,44.00639158122372,588.0647514933304,0.0,1081,2.453844241156487,1.1517759655965012,112.8768350931984
lab_6_39,0,2.119098120352506,74.0,465.863177338583,29326.364177646516,5.007371448107434e-06,1045,6.457719191230228,1.5559914919087758,477.8712201510369
lab_6_40,0,2.1842430125280874,75.0,431.0420513128621,17528.53586086954,2.167969320374499e-05,1004,6.113580972109335,0.652431956193661,458.51857290820016
lab_6_41,0,0.4136561105287552,15.0,66.40877201093241,261.1204349739529,0.0,120,4.429797287279035,0.38543861631735027,66.44695930918553
lab_7_0,0,0.0005656854249298322,5.0,23.606377146864375,0.0017255892476587978,0.0,15,4.7212754620647726,0.00010632540408188617,23.606377310323865
lab_7_1,0,0.5996705949601958,219.0,622.6793348819278,19.02784139898894,0.001335690339543067,10081,2.847127433613,0.5811520542006074,623.5209079612471
lab_7_2,0,0.4599330977730163,192.0,984.2756049887654,43.78252097892302,0.001440995112516219,3638,5.136706680405737,0.325765685053542,986.2476826379016
lab_7_3,0,0.2150361401210496,96.0,397.38831149519234,12.616423318371945,0.01108033455917875,2119,4.141103713005466,0.180673008634435,397.54595644852475
lab_7_4,0,0.26935523750932827,37.0,169.75287714792933,25.40842114086518,0.0,703,4.588801174449522,0.25382191622173866,169.7856434546323
lab_7_5,0,0.175800879975046,100.0,471.44767059133943,33.287214307091354,0.011323155155545255,1608,4.71650808798756,0.10838826480727151,471.650808798756
lab_7_6,0,1.1568839104909898,34.0,159.89151900585594,284.2975599220991,0.0,595,4.813652066503484,0.5314543478260347,163.66417026111844
lab_7_7,0,0.9906857164487167,70.0,362.65388999016676,523.4255221478467,0.016383124551767415,2069,5.182267205286072,0.9828230324002742,362.75870437002504
lab_7_8,0,0.31160510879315906,206.0,1070.843827495401,121.81880460223456,0.0008074412943193255,3640,5.2036849888619185,0.20194490692019415,1071.9591077055552
lab_7_9,0,0.255691379102512,146.0,698.0683917396633,95.93003020385869,0.0040238962512707315,2001,4.7851616866662035,0.16835428924868065,698.6336062532657
lab_7_11,0,0.10194301129072195,28.0,124.55881470213178,4.627807784445179,0.0,406,4.449414241174038,0.05016383595438284,124.58359875287306
lab_7_12,0,0.35809513302685475,55.0,265.9053588572445,159.31284857884845,0.0,1540,4.842794471446782,0.22213889605977952,266.353695929573
lab_7_13,0,0.5380245257178666,57.0,195.4634422340915,94.63622749392337,0.0,1653,3.439264516342869,0.4692838971225706,196.03807743154354
lab_7_14,0,0.2897225741981457,20.0,96.82915786063617,10.842997023256268,0.0,210,4.846134837185237,0.19654729664793724,96.92269674370473
lab_7_15,1,1.513620706307225,44.0,245.42041060188944,329.4441549773419,0.0,990,5.654230663944526,1.19660723365552,248.78614921355916
lab_8_0,0,0.02804973656068515,62.0,280.66314460577115,5.194999872578555,0.011044433014806685,1910,4.526900274064925,0.010222001568217606,280.66781699202534
lab_8_1,0,0.14279435045495195,124.0,511.33302594786505,109.92277877905721,0.002506185452329532,1113,4.12514621669318,0.08986973870113324,511.51813086995435
lab_8_2,0,0.07449311320552254,342.0,51.89076975725068,8.605569287028465e-05,0.0051909228566020486,43765,0.15979000208191313,0.055114264353677354,54.64818071201429
lab_8_3,1,3.3203765802930207,29.0,331.8994426177905,99024.02750371033,0.0,435,11.703033245751163,2.2466757712800325,339.38796412678374
lab_8_4,0,0.27215672571618893,51.0,210.92369155929353,79.74615317706544,0.0,1326,4.1374313937655,0.2454188718659996,211.0090010820405
lab_8_5,0,0.16859590040200148,328.0,1154.023557555044,22.92358578395729,2.042422034754072e-05,15607,3.5215661197982486,0.07671655455486628,1155.0736872938255
lab_8_6,0,0.06558044138696072,29.0,227.8369893169238,1.8104461417796316,0.0,435,7.8564712531555765,0.0627213327463854,227.83766634151172
lab_8_7,0,0.5867057353890076,291.0,907.5354752388471,1404.502292437886,5.1143307447189054e-05,22022,3.125066726752894,0.5516682335787414,909.3944174850922
lab_8_8,0,0.17993884778160696,240.0,1190.597016927642,19.568217284351185,5.254805590231301e-05,3155,4.963408821673606,0.08182235696492164,1191.2181172016653
lab_8_9,0,0.1384681498895548,151.0,734.1197289652417,65.74895531522242,0.0010467745940132196,1143,4.862645590716406,0.10086239797225639,734.2594841981773
lab_8_10,0,0.12503770470577671,113.0,575.5919914322992,26.356534585731378,0.001263771708821851,652,5.095055951152035,0.04658112850591954,575.74132248018
lab_9_0,1,3.9557333419984997,203.0,514.8104387917945,9110.286839164159,0.0017381466170294218,576,4.32948345721492,1.8261314850248058,878.8851418146287
lab_9_1,0,0.20095244133321133,300.0,3.812947547501812,0.0710668638261053,8.253438007303817e-05,45108,0.17678726231334538,0.09638302349006135,53.03617869400361
lab_9_2,0,0.2846959864682187,300.0,22.61675432063591,1.4723350009750664,0.003649202347568567,41037,0.26796235850360955,0.12219454880851874,80.38870755108286
lab_9_3,0,0.2248643975327751,300.0,10.099294282275297,0.8203732712820895,0.0011700900082175967,30859,0.19433274089162675,0.11803418636514301,58.299822267488025
lab_9_4,0,0.24879304094411897,300.0,8.441768179712067,1.1730689001261596,0.0009577954896329042,33404,0.222303305829108,0.11519997200860436,66.6909917487324
lab_9_5,0,0.4148861685785365,300.0,15.094394356846458,0.8306820533695024,0.007912035671684954,40424,0.3591937140893257,0.21363981938155266,107.75811422679772
lab_9_6,0,0.220805537873387,300.0,16.838957806230155,1.3758642477738787,0.006915343327060367,40712,0.18299253973622404,0.13571800568661965,54.89776192086721
lab_9_8,0,0.8168942903969006,63.0,191.45029377099428,8097.9913251715425,0.021898640689800693,1643,3.0625471517320175,0.7231841017371876,192.9404705591171
lab_10_0,0,0.18267904635403287,226.0,226.59591321336754,139.34260574516162,2.0562963157507496e-05,3124,1.0080826874835829,0.14973793795539417,227.82668737128975
lab_10_1,0,0.21240508431137514,275.0,415.0784410650594,33.40061048820245,4.130326095943962e-06,2035,1.515430248279371,0.1637175696128063,416.743318276827
lab_10_2,0,0.19420245171697223,299.0,498.54662949417275,121.58503734464982,4.687200690244469e-06,4090,1.6747474279421841,0.11441947012132894,500.749480954713
lab_10_3,0,0.18085640734530706,299.0,324.63605142528456,77.42972183651217,2.2101746033662937e-07,8466,1.0945567348775347,0.11612246571585197,327.2724637283829
lab_10_4,0,0.14282699945161467,299.0,332.8837491978243,5.864658252826953,1.1371483820615145e-05,14306,1.118868194655686,0.08957063940140092,334.5415902020501
lab_10_5,0,0.3094226306075382,295.0,199.479009407005,95.89872910614858,1.581206242974772e-05,4890,0.6998711316491171,0.25133492901268595,206.46198383648954
lab_10_6,1,2.0597483724375825,183.0,75.85040799494752,449.492471717811,0.00011768104860632685,1837,1.9698844252207568,0.7306948421643541,360.4888498153985
lab_10_7,0,0.17074478335125373,120.0,217.12590097222392,189.6277282473149,0.00012939334650543215,229,1.8135225067705938,0.11897461537305477,217.62270081247127
lab_10_8,0,0.3134774649285114,76.0,125.98149956640462,335.85261541657906,9.380693709516362e-05,1053,1.674748555967892,0.20320743373599115,127.2808902535598
lab_11_0,0,0.3753163019674456,71.0,321.03590570838026,6017.200683482721,4.329681037013119e-05,1190,4.529234853234207,0.2684291482473497,321.57567457962864
lab_11_1,0,0.5355952669945917,144.0,760.0633466665789,4056.6610652929608,5.146687429898551e-06,67,5.300185444426123,0.23340624866460624,763.2267039973617
lab_11_2,0,0.24476467350160402,299.0,8.6523269124554,0.20217736844141987,0.002528870184383987,42879,0.21235549370344725,0.12510903797994044,63.49429261733073
lab_11_3,0,0.13001235239835718,299.0,6.212810153223737,0.08594678292703102,0.0012416243174517198,40811,0.11621596712374417,0.0618773964885009,34.74857416999951
lab_11_4,0,0.755789286623596,77.0,340.58861379676216,11809.429824227263,5.6580955498302845e-06,926,4.4498937782074535,0.5784594961141303,342.64182092197393
lab_11_5,0,0.5090179739116993,143.0,470.6571710385385,2414.8206825631883,1.590223731315561e-05,155,3.30025341782174,0.4473710704319486,471.9362387485088
lab_11_7,0,0.1512920893312824,299.0,9.126655521054811,0.10132271248132811,0.0008378514441220635,44298,0.12786549429646685,0.0864373880753188,38.231782794643586
lab_11_10,0,0.19939738039821844,299.0,11.884810179384464,1.1185644855764327,0.002454586218244391,39806,0.17622718567001353,0.10140631094952365,52.69192851533404
lab_11_12,0,0.5244660513759648,269.0,728.9411878670323,2481.481404747883,9.70373895311486e-07,2318,2.7292798817151356,0.4113544679090478,734.1762881813714
lab_11_13,0,0.5798398627401317,92.0,414.79427657213404,5573.854632100714,7.982137148397872e-06,427,4.514310024336625,0.5338490197733701,415.3165222389695
lab_11_14,1,2.2926836028924855,138.0,504.34946879420824,5405.665317191969,8.66692613507185e-06,127,4.0499766331484865,1.4869315657071067,558.8967753744911
lab_11_15,0,0.15225545251049136,151.0,8.337652667267884,0.45785201241415685,0.001202291330768383,10946,0.13372339992230883,0.09137072071844922,20.192233388268633
lab_11_16,0,0.0006254885626137798,131.0,2.9838096454030154,0.0006162478982655792,0.010680657129218346,8646,0.0227811481403089,0.00045839841182075333,2.984330406380466
lab_11_17,0,0.0005431256895992748,299.0,3.4372845387021154,9.725512063780432e-06,2.206347422035886e-05,44850,0.011504506545218486,0.00031278453886586364,3.4398474570203272
lab_11_18,1,3.8996118193212745,139.0,821.1237334543437,38063.897596512994,2.0070102887477696e-06,20,6.654058104776448,2.414009981648015,924.9140765639263
lab_11_19,1,2.885324177776941,45.0,200.5874041234893,19493.570978093187,0.0,1035,4.961225525369491,1.892253723232927,223.2551486416271
lab_11_20,1,2.9897422448486526,134.0,254.99951350737908,12116.267948133493,0.0015009821933921245,510,2.791935666929954,2.1828862313204906,374.11937936861386
lab_11_21,1,1.5669852081552746,106.0,605.7107911371564,29900.564838469687,4.18510932027603e-06,128,5.888028177407677,0.6627603461228261,624.1309868052138
lab_11_22,0,0.002944072013355073,298.0,3.3990848768455355,3.7093057593620586e-05,0.00010186354626472572,44551,0.011415257012256515,0.002909247226460376,3.4017465896524417
lab_11_23,0,0.4335094167695631,237.0,932.0147203306393,1464.7926478411284,8.874349750665524e-07,1746,3.952112599034356,0.18357072562083906,936.6506859711424
lab_11_24,0,0.04764220753906733,293.0,5.942432162002357,0.0006518624862772892,0.0033102773249458783,39485,0.04963027584731664,0.014763073775660869,14.541670823263775
lab_11_25,1,1.8103101946590545,187.0,268.6357998666596,7275.004642682396,0.0009487851172500482,971,1.8818706157297602,1.341445669037364,351.90980514146514
lab_11_26,1,3.0069084245180298,64.0,174.7469599163316,15248.684666174237,0.006588008430466724,1808,3.1079628779643835,2.6148164788270223,198.90962418972055
lab_11_27,1,2.5778007818150916,156.0,396.40254622037935,795.7153396775334,8.746930824347148e-05,87,3.3575652449860636,1.352296843842656,523.7801782178259
lab_11_28,0,0.9567791729203093,38.0,63.1882740466932,412.0513889537904,0.0,741,1.7171246530132376,0.8555566391866027,65.25073681450303
lab_11_29,1,3.32774543389958,180.0,894.1656823877777,63176.97800666463,9.099290971396281e-07,43,5.596522691291945,2.104696005832072,1007.37408443255
lab_11_30,1,2.9830761421409533,179.0,931.9860867765141,70146.33031029717,5.230481041004187e-06,83,5.482196657810082,2.4399219834951467,981.3132017480048
lab_11_31,1,1.243490041528078,38.0,146.88666938153375,2281.74728442212,0.0,741,4.016341980224292,0.5973949086118792,152.6209952485231
lab_11_32,1,3.343153175690824,218.0,748.0266791498817,2545.9499738469067,0.002874800036428224,856,4.067497245950501,2.5310199974673417,886.7143996172092
lab_11_33,0,0.4709144845789093,206.0,868.1183715231466,2722.5512386171054,2.025825110117027e-06,214,4.237310094645415,0.1617586799956292,872.8858794969555
lab_11_34,0,1.8890154995735857,144.0,566.5562742084849,13109.82495956042,5.837134887069037e-06,64,4.088303305692721,1.527679655318183,588.7156760197518
lab_11_35,0,1.0487756594148185,44.0,179.989377567122,2923.785391717201,0.0,990,4.120585080854746,0.9242678063207205,181.30574355760882
lab_11_36,1,3.3486252310835325,137.0,357.18237638494986,14753.918988672473,1.2203039986996568e-05,31,3.8503687132813442,1.784738189993327,527.5005137195442
lab_11_37,0,0.8183715041662823,123.0,788.6298244423679,9920.279726572735,5.351152900164127e-06,49,6.443374486281247,0.5114557831892851,792.5350618125933
lab_11_38,1,2.707919212469326,97.0,559.0375399961973,24575.01397077934,1.1162329917587786e-05,284,6.308894096455116,0.8637154763252034,611.9627273561463
lab_11_39,0,1.1929798929446669,29.0,118.20203755435016,1672.316149256841,0.0,435,4.085958171439404,1.15817580727535,118.4927869717427
lab_11_40,1,2.5067784386717453,21.0,59.03386973594061,1896.4357521644113,0.0,231,3.628606529876376,1.0097732814399218,76.2007371274039
lab_12_0,0,0.2419602558405105,93.0,140.55136041319557,385.3339900986174,6.353510125039019e-05,465,1.515106737753771,0.21688474489452728,140.9049266111007
lab_12_1,0,0.14750487073194654,128.0,155.16504681789647,63.861340588893015,0.0001405970520170421,304,1.2179023540119491,0.08925059435182435,155.8915013135295
lab_12_2,0,0.14717998493269405,299.0,414.00905957478756,82.91333510728334,7.532145586030305e-06,2487,1.388559145405942,0.1039669103061952,415.1791844763767
lab_12_3,0,0.1783422103225418,299.0,311.9121747687961,15.520480766519574,8.477286396056065e-06,8740,1.0493812933303848,0.13725454785633215,313.765006705785
lab_12_4,0,0.3101584498912176,216.0,310.79756036526413,330.1584326932995,1.9412708183750266e-05,1016,1.457198991818361,0.20769711989799586,314.754982232766
lab_12_5,0,0.19132864964532834,191.0,286.08175819684834,380.4679851245196,2.9090881849896316e-05,1005,1.5009006299087846,0.16534661571346226,286.67202031257784
lab_12_6,0,0.24751291427633565,136.0,188.64522036881823,103.28241894710013,0.00010066664293933495,276,1.405229965369109,0.10310214960059146,191.11127529019882
lab_12_7,0,0.2272118870625539,271.0,583.7450791706941,356.6030541653936,2.18743873320782e-06,1711,2.1605135629162695,0.15394320306041628,585.499175550309
lab_12_8,0,0.16225462216610864,27.0,52.55949010407159,56.426231022225025,0.0,378,1.9494679136181128,0.12385072434826694,52.63563366768904
lab_12_10,0,0.0,299.0,0.0,0.0,9.044390651783279e-20,44850,0.0,0.0,0.0
lab_12_11,0,0.15140611255606895,299.0,324.40853566606415,38.186103529443024,1.2566333975040655e-05,10987,1.0916682514430933,0.09144574955813624,326.4088071814849
lab_12_12,0,0.1670844197100096,131.0,209.34778680702595,39.03143317289688,6.809098263486107e-05,262,1.6028557268345656,0.11230982171151897,209.9741002153281
lab_12_13,0,0.2564399170215364,107.0,186.75782026999565,230.22000936741694,6.139820062436484e-05,224,1.7529264199380026,0.19857547335908932,187.56312693336628
lab_12_14,0,0.07001668826986651,87.0,62.194614316675384,7.026960254465406,0.0002987991625695879,782,0.7164845992862642,0.051053527437022926,62.33416013790498
lab_12_15,0,0.14173257332430303,174.0,233.42177942942686,21.21072123465577,6.383442815267222e-05,1198,1.3470804652686115,0.07139055186997867,234.3920009567384
lab_12_16,1,1.1142672715487372,231.0,515.273418686623,7832.495608164155,1.1881997951687584e-05,469,2.3618340909425477,0.7993751940656904,545.5836750077285
lab_12_17,0,0.191293812522359,213.0,307.1634988992019,134.3362178241757,3.055938483098391e-05,1814,1.4486178499767042,0.13304355542328905,308.555602045038
lab_12_18,0,0.10441431953226067,83.0,117.8988967293588,71.20891907562905,0.00011059959819942493,829,1.4223166092657968,0.07515954352276963,118.05227856906114
lab_12_19,0,0.3761383755512389,19.0,39.48756205439887,76.44536792067552,0.0,190,2.08725957469267,0.3226891032053304,39.65793191916073
lab_13_0,1,1.2048893233599298,296.0,329.29066803054104,2160.7845355852396,5.1624775881167785e-05,3406,1.5032772444062636,0.6553639535292173,444.970064344254
lab_13_1,1,2.5682425250021987,299.0,353.96297259035447,309.6037111337938,0.0012848056861421216,9706,2.255249591969643,1.7062107178501449,674.3196279989234
lab_13_2,1,2.689980641173803,299.0,437.6831934961634,4466.600021767186,0.0009820150208260275,849,2.7710172193810534,1.3039318754367442,828.534148594935
lab_13_3,1,2.37355434226392,299.0,74.26020232937687,223.10791842107264,5.4402294305394974e-05,11204,2.092445124983668,1.147657282640144,625.6410923701167
lab_13_4,1,1.4301118757311104,31.0,52.303564410085805,435.46950113351784,0.0,496,2.0258061672035264,0.8877008824998971,62.79999118330932
lab_13_5,0,0.3948478936296576,187.0,271.01032793972996,14.304750700460616,0.007993282982918098,6582,1.4534534785220103,0.37909413798080716,271.79580048361595
lab_13_6,0,0.5932109605238887,276.0,440.8518718311175,4.030930532947129,0.0027664399148517624,25113,1.6059601013820934,0.5693195886961587,443.24498798145777
lab_13_7,0,0.7114845469554271,299.0,547.0501065624611,19.572426503787,0.0007974396477034081,29218,1.8466316629218025,0.6660287763498637,552.142867213619
lab_13_8,0,0.5702807850142302,299.0,492.1577585053395,0.7031760752226,0.002512147278417071,44849,1.6571804865168882,0.5369640493474375,495.49696546854955
lab_13_9,0,0.2497282713800691,207.0,153.9666057461812,0.20144854913467364,0.0002629659196298574,21528,0.75049397191468,0.22882632921275506,155.35225218633877
lab_13_10,0,0.47151788872051575,299.0,418.4244568724443,0.690695935889087,0.00032071340586026215,44850,1.404357236497119,0.4565811365332294,419.9028137126386
lab_13_11,0,0.4721410430670094,86.0,98.76134055894539,14.230491713032194,0.014831751845488631,3257,1.157769122533639,0.44864472485502754,99.56814453789296
lab_13_12,0,0.7301161712604404,239.0,524.9189732368225,9.407851919801185,0.0023117873941433326,27753,2.20265139458982,0.7107674069024774,526.4336833069669
lab_13_13,1,5.141033004695273,223.0,550.1519053952283,7815.291927649046,0.005069451977374981,1904,5.23827990695053,2.253214206900506,1168.1364192499682
lab_13_15,0,0.8568862448911588,140.0,240.53956261081044,2.50240289969166,0.0001440712450476792,9870,1.7312902299338917,0.8299953724611234,242.38063219074485
lab_13_16,0,1.2128133884174057,128.0,314.5804690520376,343.25718719547893,0.013327772212000225,2690,2.4651405606116774,1.1975352131522654,315.5379917582947
lab_13_17,1,2.0728134012301807,120.0,186.4446232343534,3399.4584985046117,0.0008277423414665393,254,2.3421457042208678,1.1067559465391277,281.0574845065041
lab_13_18,1,7.085578626248533,16.0,137.2989514016768,6252.587221722034,0.0,136,10.998003241964831,1.6988454725875197,175.9680518714373
lab_13_19,1,0.5051330141655765,50.0,168.56256833888122,163.4641923965041,0.0,1275,3.3841880716379307,0.409592768226618,169.20940358189654
lab_13_20,1,3.8938411334731247,22.0,77.08566591786052,596.4098612600452,0.0,253,4.445487051552941,2.770724841481452,97.8007151341647
lab_14_0,1,5.4087941634420895,65.0,131.40711456005724,4361.688336764219,0.011126346064694998,2070,4.974623095061724,2.931763916497801,323.35050117901204
lab_14_1,1,3.009410956390528,64.0,408.15812649633716,39179.08654920427,0.007210270485852868,1610,6.808875498882026,1.8351843538454162,435.76803192844966
lab_14_2,1,1.9306044234902187,25.0,1.5,58.56697327274435,0.0,325,1.839031065358719,0.5905913821294498,45.975776633967975
lab_14_3,0,2.170689260564959,33.0,253.57050301641948,1646.059950568047,0.0,561,7.837999278524403,1.5234231313471864,258.6539761913053
lab_14_4,0,1.386315895957663,82.0,441.89473040193633,3186.6264548971576,0.000860644639942118,1206,5.400063414964144,1.3424150351366453,442.8052000270598
lab_14_5,1,6.703903666679145,47.0,541.0023793746197,10053.918535458553,0.0,1128,12.904205375973266,3.304507144154255,606.4976526707435
lab_14_6,1,8.101744199198844,19.0,113.03445714028973,12221.154195474646,0.0,190,8.942288475852822,4.58982590243136,169.9034810412036
lab_15_0,0,0.5404869299969448,299.0,6.708203932499369,8.316081448703162,3.603656015958145e-05,44850,0.4163650320914173,0.3453543566011864,124.49314459533377
lab_15_1,0,0.3318662068493179,299.0,16.64331697709324,4.620738441537716,0.0008864930496396721,40932,0.24842039644763347,0.22698212534056142,74.27769853784241
lab_15_2,1,0.3862254209569013,299.0,6.0,1.3493367950623567,0.0010882612004350235,44847,0.29004908152790954,0.25582080868775875,86.72467537684496
lab_15_3,1,0.4086169093880268,299.0,4.123105625617661,1.5563226006930022,0.00011371681506609568,44849,0.3250661803707104,0.24797159411828743,97.19478793084241
lab_15_4,1,1.329983846687358,299.0,385.8924720696168,1994.2803031513631,7.655959733453643e-07,882,1.5943696278191826,0.9447313919475733,476.71651871793557
lab_15_5,1,0.653804351296957,299.0,280.06427833624196,2.7577471890975067,0.002248618152890278,2615,1.0235123073138426,0.5071814781322085,306.03017988683894
lab_15_6,1,0.5396275891042156,299.0,102.83968105745953,13.44549692379509,0.006595066903359602,16079,0.552938868247817,0.32211022327875527,165.32872160609728
lab_15_7,0,0.06708827110904957,299.0,0.0,7.53876532678513e-05,0.0011590857161013807,42498,0.044108444044948306,0.050549790151245916,13.188424769439543
lab_15_8,0,0.1261863718324476,299.0,53.23532661682466,0.06290119780119391,0.00010649637107941392,11215,0.20744932896104631,0.06773215985651854,62.02734935935285
lab_15_9,0,0.0627390993237328,299.0,6.082762530298219,0.000883943158829542,0.00317979856714014,37645,0.06067859561121561,0.025848950371716653,18.142900087753468
lab_15_10,0,0.04486979107403327,299.0,2.8284271247461903,0.0025572337473313903,0.003387368809303212,42107,0.04186532982555186,0.018710338513597557,12.517733617840006
lab_15_11,0,0.130848829925539,299.0,8.94427190999916,2.903182981192813e-06,0.00012709063971773628,44829,0.07683418670274887,0.11005802389327346,22.973421824121914
lab_15_12,0,0.044006685404710595,299.0,7.0710678118654755,0.016629225038455785,0.0029092703606382994,44468,0.03170465143249152,0.03860934211146311,9.479690778314966
lab_15_13,0,0.11080183789698761,299.0,9.433981132056603,0.0495731734796051,0.0013010865487457393,28102,0.09731177707916631,0.06166830559213006,29.096221346670728
lab_15_14,0,0.07372223634933711,299.0,8.94427190999916,0.00335522741079555,0.007381065699402348,40832,0.07640255351763477,0.022191496682627446,22.844363501772797
lab_15_15,1,0.6691559238662349,295.0,221.9954954497951,501.74891730914004,0.011121541036482382,4463,0.8921534853481574,0.4670426641181282,263.18527817770644
lab_15_16,1,0.33523664032919204,223.0,38.41874542459709,20.84083325302157,0.008273606095304267,6292,0.30116385340625085,0.2266380566847085,67.15953930959394
lab_15_17,1,1.2911020486390687,60.0,48.46648326421054,226.17032892334973,0.0005299196368233081,1828,1.4199945262348843,0.5505088968063702,85.19967157409306
lab_15_18,1,3.2296370625126833,12.0,44.94441010848846,1102.3509105848154,0.0,78,4.721147154346283,1.4727874525339126,56.65376585215539
lab_16_0,1,1.8197195607841585,248.0,68.06539003781583,173.69746089529423,0.006500501467793641,10980,1.3676919156804308,1.2313102241666105,339.18759508874683
lab_16_1,1,4.0057107647797885,85.0,361.02431266190376,88785.05627757047,8.796256540073119e-06,637,5.4409116491379494,2.117105919252458,462.4774901767257
lab_16_2,0,3.252865812985358,300.0,41.872351784918855,13.615876553773145,0.0008092680972878238,37385,2.3868688864632257,2.2143789104021483,716.0606659389678
lab_16_3,1,4.841682223496521,300.0,824.2783995113543,8625.434466396091,0.00013987574510329167,1623,4.9079379055925605,2.6274148343027943,1472.3813716777681
lab_16_4,1,4.981928578836629,251.0,455.7041290245239,9225.962199343758,0.0008404179212213386,2500,4.825572430439455,2.1976579568884476,1211.2186800403033
lab_16_5,0,0.4490672484070414,141.0,448.8366579436221,199.79063890342064,0.005277594592478585,1701,3.191943310456333,0.3823192040102759,450.06400677434294
lab_16_6,0,0.25505487981212266,65.0,267.0556361977781,200.88973672407533,0.025875561215546388,1804,4.11200755388437,0.19135199107975565,267.28049100248404
lab_16_7,1,3.212760002846148,199.0,300.1057402883191,26355.8576632567,1.4305580659705733e-06,1013,3.1888278816406337,1.5580358874873326,634.5767484464861
lab_16_8,1,5.794298057341863,23.0,16.87545889746411,289.1908367855093,0.0,276,4.451229541769843,3.7813733129238685,102.37827946070638
lab_16_9,0,0.30195104051301414,71.0,269.2784032279603,132.75654409008985,0.0052053968093221156,1708,3.798189414342017,0.2217040365498584,269.6714484182832
lab_17_0,0,0.28105411197055236,300.0,383.35308509649434,31.312190708933013,0.00014655983374306413,25320,1.2908325292556042,0.2136050204206671,387.24975877668123
lab_17_1,0,0.3054342108467146,300.0,320.5050281290452,37.3363681482718,0.0002151680041647946,31519,1.0867285649350897,0.2316959346948513,326.01856948052693
lab_17_2,0,0.25001232118526656,300.0,330.34678632158665,32.30291083454557,0.00033016200794273355,19943,1.1103778689549728,0.20521107377936695,333.11336068649183
lab_17_3,0,0.2692791216438972,158.0,165.9356819885343,38.89432817413929,0.0011477142359595225,1659,1.0693065436022444,0.17907838072289267,168.95043388915462
lab_17_4,0,0.2771922180044429,300.0,221.29986847036307,19.01732469965387,0.001391562348768536,14064,0.7611228939241564,0.20415418277497424,228.33686817724694
lab_17_5,0,0.2553669222560588,61.0,48.67094048813926,2.32123614813215,0.0007942966328347914,1891,0.8097213471421247,0.2149021027185002,49.39300217566961
lab_17_6,0,0.39508564723312,41.0,43.05882604066209,49.38977822108062,0.0,861,1.0578129353831969,0.3742680512998533,43.37033035071107
lab_17_7,0,0.28395328946804527,258.0,191.88669560185767,0.8588577862677234,0.00189124174023321,33411,0.7688532812215384,0.20652730401501637,198.3641465551569
lab_17_8,0,0.4819303970177414,133.0,167.97155299930998,10.638819712724857,0.0007640684566198247,8613,1.3219596228377661,0.28232468767510166,175.8206298374229
lab_17_9,0,0.2800033789732302,236.0,117.33513636588145,8.222421891400234,0.002894357029607377,9386,0.5288608442701443,0.214240093277056,124.81115924775406
lab_17_10,0,0.22025452304600307,300.0,276.0946677445981,38.14016479863922,0.0001879685760812844,12766,0.9304997694871721,0.1722293886584206,279.1499308461516
lab_17_11,0,0.2876567915973237,55.0,62.46849205799673,38.61479945033207,0.0,1540,1.1358108471874238,0.28757748576771053,62.4695965953083
lab_17_12,0,0.2739846142123967,281.0,422.623354773491,85.88932923726156,0.00016377744005835178,5089,1.5103906431403027,0.23621339300710867,424.419770722425
lab_17_13,0,0.04907004868326328,300.0,52.719120146299865,0.0025159790726377008,0.001896993292376516,45150,0.17766049255109082,0.04154266144383624,53.29814776532724
lab_17_14,0,0.015604591560747779,300.0,10.79672195622356,0.0006621542504308247,0.0004817384426845716,41445,0.03659721499354231,0.014119508539006976,10.979164498062692
lab_17_15,0,0.0006699990909631358,299.0,8.785158507391897,0.0006159668085491765,0.0003847670580459485,44850,0.029386046866772323,0.00044651985246382624,8.786428013164924
lab_17_16,0,0.1931537242504918,169.0,115.43531738597162,0.11956948223837438,0.00021234665898125458,14365,0.6923389527240837,0.15662492220874438,117.00528301037015
lab_17_17,1,0.30541631902100547,287.0,198.66621661721953,37.98836532802077,0.0006359328323535774,20100,0.7379809813117206,0.166815087185729,211.80054163646383
lab_17_18,0,0.2461890323884656,283.0,461.27892863212384,25.749153441158427,0.0002963447109464438,19190,1.6375640960088236,0.1891172566508879,463.43063917049705
lab_17_19,0,0.0650752303186004,283.0,12.544583930924158,0.1439079072012195,0.004371681882315905,27031,0.06749363764923928,0.040549856419866706,19.100699454734716
lab_17_20,0,0.17275843179531503,87.0,98.80113409268137,1.707939378968394,0.0015423398675305463,1206,1.1409520017660209,0.13328191886373128,99.2628241536438
lab_17_21,0,0.04580088484695378,282.0,100.73633877107108,0.020551227909096338,0.00031818259584514696,30497,0.35825200333321716,0.03687964873362034,101.02706493996723
lab_17_22,0,0.0646110342565325,282.0,313.4878727750086,0.8629991660155596,0.00033015193013420744,21119,1.1123854486500715,0.0505885938741209,313.6926965193202
lab_17_23,0,0.27109485885307844,27.0,44.40624186980925,48.985292392688045,0.0,378,1.6462903412048646,0.26111002621290447,44.449839212531344
lab_17_24,0,0.20315766111234412,245.0,179.23639449899673,7.169133561955978,0.0005031590144021945,15803,0.7480038052004219,0.13026291019717062,183.26093227410337
lab_17_25,0,0.4207784904125554,243.0,360.7966115278801,71.05159491296779,0.001308575073425516,12913,1.5136716004811086,0.30060646158174265,367.8221989169094
lab_17_26,0,0.2257740950341903,209.0,343.48421543063665,49.32870499720641,0.0005506890456071962,4365,1.6525277895848887,0.14527054568611208,345.37830802324174
lab_17_27,0,0.16587659123462703,145.0,74.42444343090514,0.31817088724220344,0.013127828212253218,10467,0.5288710176733804,0.10610683511549363,76.68629756264016
lab_17_28,0,0.1500834893315412,141.0,174.42923781579734,0.7935205345246245,0.008986699875725724,7934,1.2422458047983287,0.09866178436960372,175.15665847656436
lab_17_29,0,0.14577135920572612,116.0,192.7670638075914,10.916600070325012,0.006072674564978514,1408,1.6643000196081459,0.11350871867432048,193.05880227454492
lab_17_30,0,0.17037412962873633,37.0,48.2043177526661,24.195731983449164,0.0,703,1.3030260976526395,0.16878601412991548,48.21196561314766
lab_18_0,0,0.09597075766489946,299.0,26.31945626338049,0.20437058347696307,0.001141210528660878,30071,0.11222342129916028,0.06606572206253097,33.554802968448925
lab_18_1,1,0.39962867950984715,299.0,438.9936270209398,451.6841058524789,3.20424151043946e-07,3970,1.482327529267162,0.3435656563027763,443.21593125088145
lab_18_2,0,0.15857183845803416,97.0,83.99107162669137,9.346022426905122,0.0002595213849169413,493,0.8678706829431001,0.14733086881021182,84.18345624548071
lab_18_3,0,0.18886196216696527,255.0,358.9385547764408,208.84028096734838,1.74569374211989e-05,2529,1.4143832324422794,0.12857992563508863,360.66772427278124
lab_18_4,0,0.1809035830344031,188.0,299.1241230743519,215.3254189115499,4.771286277324654e-05,731,1.5973597905730605,0.11279053497318593,300.3036406277354
lab_18_5,0,0.19636121860341885,139.0,356.03655133848264,438.2213368571921,4.4000208734520234e-05,192,2.5651113766483142,0.14001153418892145,356.5504813541157
lab_18_6,1,1.1368569581547618,71.0,154.74547418260738,3385.1494331290332,0.00030391616345802104,1229,2.385714783011121,0.5925274482579713,169.3857495937896
sim_0_0,1,2.369363690428437,55.0,102.0196059588548,1910.8451933561216,0.0,1540,2.7258742334964303,1.2744234452118752,149.92308284230367
sim_0_1,1,2.828474264805439,300.0,726.6195703392525,6078.392535589909,0.007682934229974689,2729,3.4398532576925267,1.4262104445728807,1031.955977307758
sim_0_2,1,1.8057685344473138,25.0,31.016124838541646,192.69531920293474,0.0,325,1.918499546001461,1.0579978695593801,47.962488650036526
sim_0_3,1,2.0666981273328315,98.0,152.85614151874958,1956.0232336470222,0.002233465611100559,1079,2.2873690965481286,1.2132700642518386,224.16217146171658
sim_0_4,1,2.6419584486597145,300.0,250.4096643502403,5333.945026694516,6.016765500523616e-05,3936,2.4697039655431805,1.2558777763966347,740.9111896629541
sim_0_5,1,3.170776280695663,300.0,237.39418695494632,1775.4030827617275,0.0027543075200271846,13425,2.9412778107789594,1.4243892866135062,882.3833432336878
sim_0_6,0,0.8019933270310842,132.0,183.14202139323461,2728.4945552616764,9.21386547070569e-05,268,1.5040936184383698,0.5530679932474762,198.5403576338648
sim_0_7,0,0.8366467461107931,300.0,422.8498551495554,2693.547831419427,5.798838193693871e-06,5672,1.542903161089884,0.5532779610336113,462.8709483269652
sim_0_8,0,0.8749535441807786,124.0,173.25414857947845,2753.163829783813,9.578994951984697e-05,232,1.5397795061673691,0.5889151109207884,190.93265876475377
sim_0_9,0,0.8462137896405245,300.0,420.7766628509713,3159.9682147290996,4.497301622410606e-06,5225,1.5263606342735219,0.5946062121046716,457.9081902820566
sim_0_10,0,0.8679221675293752,300.0,422.85222004856496,2833.137960142628,4.013144907240106e-06,2794,1.5430743266999074,0.5991006779161812,462.9222980099722
sim_0_11,0,0.8524474568362947,300.0,424.26406871192853,2734.5092025429017,2.76659488035794e-06,6971,1.5485533561340856,0.573279312266305,464.56600684022567
sim_1_0,1,2.720756305313703,86.0,212.3605424743495,10354.225679775238,0.00042549786095909747,649,3.27598008021023,1.6637170775302434,281.7342868980798
sim_1_2,1,2.4911785049233823,124.0,200.89051744669283,5503.789077830218,4.913433866502717e-05,236,2.6806808640684534,1.282417742511203,332.40442714448824
sim_1_3,1,2.040660026272536,106.0,146.54009690183776,3032.305005167211,0.00018652434413733547,903,2.234835036079787,1.0397038326482528,236.8925138244574
sim_1_4,1,2.126479204153567,74.0,126.24579200908045,2269.9194734960925,0.00024299042124183346,1140,2.3439411897811127,1.3922543342650915,173.45164804380235
sim_1_5,1,2.5979436312420465,300.0,515.9089066879927,1348.6418101550946,2.590726087720109e-05,2230,2.8589310040852927,1.238216532173,857.6793012255878
sim_1_6,0,0.805805325263008,300.0,425.0423508310672,2790.0567019705527,2.4693803586020318e-06,10944,1.5417812509535904,0.5287506414886407,462.53437528607714
sim_1_7,0,0.8323327326122515,300.0,429.94185653411324,2950.3903090437807,3.3306924801204226e-06,4203,1.562145491205702,0.5535053125059987,468.6436473617106
sim_1_8,0,0.8687602917056261,300.0,434.94022577820965,2931.7477219020684,2.9637948005248022e-06,3277,1.57766833870401,0.6063244013872414,473.300501611203
sim_1_9,0,0.8205265924324994,120.0,169.07099100673656,2455.740319896,8.975329767978312e-05,218,1.5264608287656087,0.5729316465142632,183.17529945187306
sim_1_10,0,0.8091837821853578,76.0,107.56393447619885,2549.3326916183178,7.909622320949588e-05,1036,1.539922578138965,0.5352879507143322,117.03411593856133
sim_1_11,0,0.8641824023259186,112.0,152.7612516314265,2616.630636533456,0.00012145655761393655,229,1.5065410781106814,0.5809275661456968,168.73260074839632
sim_1_12,0,0.8530563363346884,29.0,44.04543109109048,558.628803614698,0.0,435,1.6241981812274044,0.629653100300697,47.10174725559473
sim_1_13,0,0.8792926450025359,300.0,421.4451328464952,2682.4684990994256,7.0683440698417875e-06,6871,1.5362364944232176,0.6218071243311151,460.8709483269653
sim_1_14,0,0.8420807562223471,300.0,430.6750515179629,3294.0503334345485,2.3868039558617555e-06,7131,1.5738831289903052,0.541194878282941,472.16493869709154
sim_1_15,0,0.8555050490142585,300.0,412.9527818044092,2913.979721539926,1.3775868294367055e-06,7761,1.5185606364819795,0.5662510573889576,455.5681909445938
sim_2_0,1,2.4853544617308185,263.0,675.3969203364788,2781.8806897718914,0.00026853122416101063,274,3.1808630666106197,1.629101982487041,836.566986518593
sim_2_1,1,2.1635623148777503,46.0,125.0,6039.912763190704,0.0,1081,3.192283959560421,1.3691386024934022,146.84506213977937
sim_2_2,1,1.6092138332110286,42.0,144.22205101855957,6192.602577334385,0.0,903,3.6304776954085165,1.0957116792722656,152.48006320715768
sim_2_3,1,3.051674281589651,155.0,202.87188075236054,11238.984220324133,0.00016924721882390358,270,2.833281575864568,1.7315663323936774,439.15864425900804
sim_2_4,1,3.023387071806581,197.0,256.2225595063791,11705.897849988824,2.0384611617963042e-05,332,2.9906728325517373,1.3741773241767747,589.1625480126922
sim_2_6,0,0.8471247460181925,215.0,314.7268657105713,2833.711215368962,1.727587878160072e-05,1575,1.5798486223989572,0.6037743341540681,339.6674538157758
sim_2_7,0,0.8562943400218819,222.0,318.9435686763412,2896.712310429552,1.3219129248287606e-05,2122,1.5655477884257785,0.5885213840230893,347.5516090305228
sim_2_8,0,0.7982406959162004,84.0,121.75385004179539,2915.131414453428,5.786860504715539e-05,726,1.5588899558858573,0.5549390448809935,130.946756294412
sim_2_9,0,0.8940575165923088,55.0,76.36753236814714,1648.2095238321112,0.0,1540,1.5219103221402168,0.6411409350804148,83.70506771771193
sim_2_10,0,0.8139200627303751,69.0,101.83319694480774,3032.969700321412,0.00116249652463618,1347,1.57946038051528,0.5881195597218766,108.98276625555432
sim_2_11,0,0.8587782018658834,20.0,26.1725046566048,194.00234085683417,0.0,210,1.4247024193241855,0.6482461078724754,28.49404838648371
sim_3_0,1,2.3536513068545,247.0,524.2489866466124,1427.0762568857867,2.2203533813010705e-05,857,2.9002573058567025,1.277905306656282,716.3635545466055
sim_3_1,1,2.329244092138618,39.0,96.02083107326243,2410.903014060052,0.0,780,3.2256977203238515,1.0402181041863268,125.80221109263022
sim_3_2,1,2.2260691139716364,41.0,30.59411708155671,377.8053348043979,0.0,861,2.077828522881842,1.0930799382707028,85.19096943815552
sim_3_3,1,3.2668129218959976,300.0,795.684610885494,10475.82041870317,6.624057270480177e-07,1085,3.7979263958142337,1.8117455005171585,1139.3779187442701
sim_3_4,1,2.990226672938952,300.0,522.6557184227491,305.8702081043699,0.0009831271876054252,1300,3.0244829248506364,1.6820135861382353,907.344877455191
sim_3_5,1,2.0123996733643246,91.0,143.55835050598765,3558.5240374216955,0.0003044730935625216,657,2.2585875685397285,1.1988510056296973,205.5314687371153
sim_3_6,0,0.7807369832546817,93.0,136.48809471891678,2792.024385312082,9.195573764094002e-05,475,1.583998005122621,0.5043720650299854,147.31181447640375
sim_3_7,0,0.8660852947319713,177.0,251.10356429170812,2618.769664094418,5.667374026426306e-05,666,1.5599055916827445,0.5739393778472486,276.1032897278458
sim_3_8,0,0.8749163189958287,163.0,234.10467744152402,3059.4262874140736,7.418465638673233e-05,400,1.5592981013954978,0.6299287974684934,254.16559052746615
sim_3_9,0,0.8447768694653478,112.0,158.41717078650282,2841.22650251435,9.552351428494024e-05,220,1.543865541391922,0.5751216431228631,172.91294063589527
sim_3_10,0,0.8830754340497884,300.0,427.10186138671884,2868.6622039956724,1.0217740694818207e-06,6294,1.5666372383973735,0.593560805590563,469.99117151921206
sim_4_0,1,3.129676944634666,300.0,610.0499979509876,1310.7971997660964,0.005560561610511243,1211,3.4339410563861246,1.4622068325875606,1030.1823169158374
sim_4_1,1,2.8280931934982467,300.0,509.87253309037936,102.94056500729175,0.0002075408041004085,1621,2.9045259026897328,1.5653740598563208,871.3577708069198
sim_4_2,1,2.886214861463235,228.0,389.00514135419854,17328.507946327416,7.864361269231234e-07,554,2.9652098588091813,1.564850971625181,676.0678478084933
sim_4_3,1,2.633826000155092,168.0,286.7908645685912,4493.466658787202,6.829536124292674e-05,459,2.8471179334357206,1.321026097130253,478.31581281720105
sim_4_4,1,3.2281384384468055,300.0,320.65713776555793,3077.174605061476,0.0028680483414422115,10097,2.995238661383184,1.609931270175472,898.5715984149551
sim_4_5,0,0.7853547013422758,68.0,94.76286192385707,2279.547107143587,0.0020844653866741877,1407,1.5230346822140528,0.489069408351109,103.56635839055559
sim_4_6,0,0.879053087430557,139.0,203.7253052519495,3336.731911648262,8.155342921006866e-05,300,1.6115218882895759,0.5690874387263511,224.00154247225103
sim_4_7,0,0.8572329599756581,235.0,324.5812687140156,2937.4205885270544,1.0952601930971604e-05,1694,1.519166071730485,0.5785219425331509,357.0040268566639
sim_4_8,0,0.9791665743587882,49.0,70.00714249274856,1962.2423898247557,0.0,1225,1.5630453659685504,0.7462500813562711,76.58922293245897
sim_4_9,0,0.8195317990476615,89.0,124.52309022827855,2685.8588173637972,6.959383042369236e-05,581,1.524839194572047,0.5514335080886348,135.71068831691218
sim_4_10,0,0.8325462950090724,300.0,420.0214280248092,2371.3440174047564,1.690469594002821e-06,6753,1.5262584034552826,0.569094560873205,457.87752103658477
sim_4_11,0,0.834312757769997,300.0,427.8469352467071,2364.322394378015,4.804482832880303e-06,8173,1.5630962357319726,0.5354719020084421,468.92887071959177
sim_5_0,1,1.9866668047615053,54.0,96.33794683301072,990.9387087892516,0.0,1485,2.3555095048884827,1.2574595826545072,127.19751326397805
sim_5_1,1,2.953353719109047,295.0,225.20435164534453,6530.262347709325,0.0004606625320977849,5818,2.620092092365634,1.5621146479326626,772.927167247862
sim_5_2,1,2.3533936216582085,13.0,23.08679276123039,113.15683182804948,0.0,91,2.5660505152277753,1.4517893943706022,33.35865669796108
sim_5_3,1,2.4737510878106646,120.0,301.5294347157504,675.5187240119262,0.04411228081753597,653,3.176205561270629,1.531356119877691,381.1446673524755
sim_5_4,0,0.8843516143354847,300.0,423.6897449785633,3404.909754917445,3.743212885183929e-06,3897,1.5632162689357803,0.5770802051718334,468.9648806807341
sim_5_5,0,0.9030402464302587,228.0,319.62478001556764,2868.339361923258,1.478720209797841e-05,1700,1.5525339299043242,0.6085557911003731,353.9777360181859
sim_5_6,0,0.8219582417803855,254.0,366.3495598468763,2698.7249053046535,7.2645331530285805e-06,1756,1.5549884440358357,0.5813058151489925,394.96706478510225
sim_5_7,0,0.8717160597860343,300.0,422.8593146662374,2587.7560900741087,5.730458323700148e-06,10319,1.5668481154250302,0.5400496735076306,470.05443462750907
sim_5_8,0,0.8601384097887549,154.0,220.62184841941652,3061.1602844001,9.063239769759837e-05,502,1.5533425058951136,0.615901657399363,239.2147459078475
sim_5_9,0,0.8635270767877975,45.0,67.89698078707183,1339.9549767409364,0.0,1035,1.6511512282656036,0.5439869884649905,74.30180527195216
sim_5_10,0,0.8679182277366994,203.0,290.6286290096005,3030.276773120742,2.7736957145382077e-05,669,1.572745506320497,0.5739575222726111,319.2673377830609
sim_5_11,0,0.8562320557730442,300.0,424.28528138506056,3123.066319875878,4.186059868251692e-06,4918,1.5554276921328198,0.5603374232368419,466.62830763984596
sim_6_0,1,2.9416926344462904,300.0,591.4220151465449,13947.665566936888,4.939505208370906e-06,1972,3.168938879136178,1.580451321711348,950.6816637408533
sim_6_1,1,1.822128716974871,56.0,179.61069010501575,8642.442815794137,0.0,1596,3.527633275065951,1.0783998951179152,197.54746340369326
sim_6_2,1,3.075212460344099,221.0,648.3409596809382,2034.7103390378816,2.898725131141852e-05,269,3.7944093203561104,1.914629553173216,838.5644597987005
sim_6_3,1,2.298574930694699,21.0,70.25667228100119,1227.8353512684105,0.0,231,3.898707190417272,1.129722408195546,81.87285099876271
sim_6_4,1,2.870677426826095,300.0,389.1387927205408,928.6602008015955,0.08941914108227984,3584,2.783148937796979,1.4756067644778805,834.9446813390937
sim_6_5,1,2.770298820624872,300.0,282.29417280560364,8996.54818625354,0.0001521629930455461,9829,2.6464066209181594,1.2476105148484964,793.9219862754478
sim_6_6,0,0.8805816259722887,250.0,349.3365139804312,2567.824907456408,8.90401919805065e-06,5916,1.555080612727159,0.556528784448859,388.77015318178974
sim_6_7,0,0.8684783492026062,238.0,346.5082971589569,2703.7397269428784,8.797605002764894e-06,2146,1.6022438545638233,0.5538629887836841,381.33403738618995
sim_6_8,0,0.7917445952655638,110.0,157.68639763784319,2676.2600150619214,8.198278131881882e-05,218,1.541543589867161,0.5526857537133103,169.56979488538772
sim_6_9,0,0.8344991844746698,300.0,425.0,2280.0105881631052,8.207734637122593e-06,6573,1.536265717797368,0.5858506444938606,460.8797153392104
sim_6_10,0,0.7945771316464906,133.0,189.50989420080418,2910.4529083593266,0.00010275280854748605,289,1.5418828269285025,0.5331524016276351,205.07041598149084
sim_6_11,0,0.8619393872131637,298.0,417.3871104861768,2338.294175732924,3.25593196510398e-06,5701,1.5448742333338512,0.5639694936415683,460.37252153348766
sim_6_12,0,0.8793179174792243,50.0,74.27651041883968,1802.8568984579513,0.0,1275,1.615610278731425,0.6081146497638147,80.78051393657125
sim_7_0,1,2.7819437098632798,259.0,683.0812543175226,4112.657629926261,5.374378698024912e-06,440,3.503733967853782,1.5552584921768762,907.4670976741295
sim_7_1,1,2.527814163352291,300.0,599.7616193122064,10954.4854327284,1.7179908761418808e-06,2046,2.8939228616804185,1.4184065486700503,868.1768585041256
sim_7_2,1,1.7682033847599499,18.0,42.15447781671598,152.3204895776429,0.0,171,2.681104980909663,1.1928064354506585,48.259889656373936
sim_7_3,1,2.42931439203732,43.0,58.0,1397.4509592758852,0.0,946,2.3129003087841693,1.5399423346944634,99.45471327771928
sim_7_4,1,1.6723860200324565,8.0,24.758836806279895,221.07395409566274,0.0,36,3.456878313956893,0.6519143521157887,27.655026511655144
sim_7_5,1,2.75442972183221,146.0,278.25527847643787,15369.253238743924,1.1557928397058124e-05,91,3.012057855002484,1.4651571793871183,439.76044683036264
sim_7_6,1,1.738769569526741,27.0,73.0,831.0599419162006,0.0,378,2.8572842279345476,1.4728408515959248,77.14667415423278
sim_7_7,1,2.1885226503742086,145.0,201.67548190099856,7723.526876905565,0.0003284544560704809,227,2.248967615947796,1.2908456892489397,326.1003043124304
sim_7_8,1,2.6211623856510062,277.0,382.3885458535598,1224.4402781745107,6.485335014776615e-05,1961,2.659313019262582,1.305460666117172,736.6297063357351
sim_7_9,0,0.8336299457036825,235.0,332.5838240203513,2768.217931131701,1.3996323198946616e-05,1342,1.5366016404553504,0.5802824648181769,361.10138550700736
sim_7_10,0,0.8675099085317544,171.0,235.49309968659378,3212.6934492151995,5.150118880649269e-05,1334,1.5117469957776244,0.603111787129776,258.50873627797375
sim_7_11,0,0.8086923723833499,29.0,40.311288741492746,539.951641749975,0.0,435,1.5123829851198431,0.5467216868496398,43.859106568475454
sim_7_12,0,0.7997482560603566,178.0,259.7864507629295,2416.863963558254,5.51103656522139e-05,796,1.5717723803326,0.546986751002168,279.7754836992028
sim_7_13,0,0.8494523335471788,293.0,411.73292314314625,2961.2514257217726,3.2717899530380843e-06,4371,1.5425422548830514,0.5628579978011394,451.96488068073404
sim_7_14,0,0.826041430222749,300.0,433.4616476690873,2915.953921051172,4.538257313052661e-06,9773,1.5634426735985156,0.5706548925323658,469.0328020795547
sim_8_0,1,2.786106403009205,300.0,206.60348496576722,3967.3926314819023,0.00010104078885724737,3106,2.5557040290605744,1.3057731742190963,766.7112087181723
sim_8_1,1,2.9218470327251267,176.0,163.2666530556684,1866.2237085597746,0.0013617688738797292,572,2.787448274806115,1.2758759297077769,490.5908963658763
sim_8_2,1,3.004797674806534,251.0,464.0043103248072,13444.923478182105,0.05191058474066216,715,3.1543733851577223,1.5799188860352427,791.7477196745883
sim_8_3,1,3.009904621700792,203.0,354.4573317058063,10987.089043876866,0.006723771990270652,395,3.067996132942975,1.6418812723468788,622.8032149874239
sim_8_4,1,2.587372596751643,276.0,532.2255161113567,4598.469198642439,1.105090574301171e-05,2381,2.866574680204941,1.481820866727423,791.1746117365637
sim_8_5,1,2.561657365141494,262.0,108.25894882179486,348.37708529618595,4.998127173760888e-05,12774,2.322693036081697,1.1566855612561724,608.5455754534046
sim_8_6,0,0.8669634991651541,230.0,320.3263960400391,2661.395331636776,8.340148176663083e-06,2115,1.5478054775844297,0.5436934351136901,355.9952598444188
sim_8_7,0,0.8483661238608544,154.0,214.28252378577213,3033.3707975837087,8.749120126251577e-05,504,1.5498009599893297,0.5039455727162494,238.66934783835677
sim_8_8,0,0.8602196102029864,300.0,425.67828227430164,2282.817032345448,5.831629895807836e-06,9173,1.5507209612669952,0.5904217421644471,465.21628838009855
sim_8_9,0,0.8161436167142337,154.0,224.20749318432692,2876.3587662818713,7.129428668757124e-05,442,1.577868982789524,0.5440990340600134,242.9918233495867
sim_9_0,1,2.6566541195855944,300.0,437.3751250357066,487.92942606504494,0.0009533409705174795,3397,2.6916165772341887,1.3923122977591795,807.4849731702566
sim_9_1,1,3.6100065832670456,205.0,273.69508581631493,2564.4208406680546,2.2304875431498904e-05,803,3.5531205254498057,1.479854275923397,728.3897077172102
sim_9_2,1,2.609888988374898,284.0,420.8111215260357,1614.4157054409857,0.00047601548453987143,1555,2.642675057365574,1.42243129700488,750.5197162918231
sim_9_3,1,2.8902402822064617,300.0,652.2162218160478,15225.60613894886,9.039279829100466e-07,2478,3.2370586698471184,1.612901474972233,971.1176009541355
sim_9_4,1,2.6778369748681286,247.0,433.49740483652266,6031.554719826831,0.00021449438646401132,1390,2.8907665205024156,1.3764014929123505,714.0193305640967
sim_9_5,1,2.855044268969884,300.0,601.4025274306719,12284.01898628764,0.012384709445941774,2455,3.0727352168092983,1.6517561222468398,921.8205650427894
sim_9_6,1,2.5309242931738947,300.0,431.3907741248067,107.05053824275652,0.004048429084665735,2818,2.5852453461766642,1.337848957620116,775.5736038529993
sim_9_7,0,0.8680112477213638,66.0,93.43446901438462,2416.1097542265516,0.010955597166508943,1531,1.564367749766318,0.5570720788792279,103.24827148457699
sim_9_8,0,0.8934776803602891,139.0,197.29419656948858,3204.051675613903,6.539638707824346e-05,284,1.5524429570547018,0.6347208090011094,215.78957103060355
sim_9_9,0,0.8708536036715414,187.0,270.1184925176357,2229.846251299549,3.412176228827423e-05,728,1.5726577427570156,0.6096453151158185,294.0869978955619
sim_9_10,0,0.9042566744447071,98.0,143.75326083258076,3310.1734663434268,0.00011730419236182115,376,1.6117239856840577,0.6096995563986719,157.94895059703765
sim_10_0,1,2.9272493725149022,300.0,290.01551682625535,810.6243613374298,0.0028283912183729,7843,2.7284586184871715,1.4348682519786995,818.5375855461515
sim_10_1,0,0.8645808232895291,20.0,29.0,285.0200171991474,0.0,210,1.5839383340488256,0.5840713603067962,31.678766680976512
sim_10_2,0,0.8740346540732624,161.0,228.39658491317246,3011.947802869937,6.235989613818222e-05,449,1.558086223779387,0.5905631505578719,250.85188202848133
sim_10_3,0,0.7648961776417035,46.0,61.07372593840988,893.5415165699229,0.0,1081,1.4565487433088347,0.475701424553233,67.00124219220639
sim_10_4,0,0.8990213681113578,237.0,332.48759375351136,2314.299388572558,1.3507286407793818e-05,1209,1.5647996321769584,0.5725149946994706,370.8575128259391
sim_10_5,0,0.8835560515871623,216.0,299.1738624947039,2577.5433212455555,2.2921010142905375e-05,2229,1.5213854191935814,0.6200487725487767,328.6192505458136
sim_10_6,0,0.8128175566320833,198.0,283.59301824974466,2696.687394807134,2.3768601903985987e-05,871,1.5457452557779752,0.5681485865168505,306.0575606440391
sim_10_7,0,0.8905346324852192,218.0,309.0453041222274,3232.7131233725713,1.6068723537685213e-05,3417,1.551675016874737,0.6285355483859022,338.2651536786927
sim_10_8,0,0.8043976352249896,300.0,410.93186783212616,2351.770476482158,1.2115863899542585e-06,8027,1.4853003445869264,0.5632195128928783,445.59010337607793
sim_11_0,1,1.4989708403591155,9.0,22.20360331117452,12.983728277668188,0.0,45,2.7613432084128258,0.8416157191293983,24.85208887571543
sim_11_1,1,3.07897238302291,241.0,390.05640617736304,15740.483944147421,4.905418548199835e-06,660,3.0775479198432905,1.621198280072151,741.689048682233
sim_11_2,1,2.5368637680762003,300.0,400.3610870202048,4135.631260513914,3.7381584967343105e-06,5087,2.508915446317256,1.386365734536652,752.6746338951768
sim_11_3,1,2.4095862969499513,175.0,291.91265817021366,4726.556415033087,0.00031501942104034336,2070,2.6537828984746987,1.2433856024317862,464.41200723307225
sim_11_4,1,2.7049124885115376,67.0,245.12241839538055,18287.359517363548,0.00040039687100874854,1403,4.14770766576528,1.8702977454580225,277.89641360627377
sim_11_5,1,1.1785113019775793,6.0,15.811388300841896,87.31107517492579,0.0,21,2.7396458855570565,0.9097657693514447,16.43787531334234
sim_11_6,0,0.8302728296892633,281.0,403.11288741492746,2082.8803077454154,7.5403027443337516e-06,4673,1.5562875211511988,0.5703508677675088,437.31679344348686
sim_11_7,0,0.8497747950300898,23.0,30.479501308256342,236.05335076218188,0.0,276,1.499741234194944,0.47857820679659446,34.49404838648371
sim_11_8,0,0.8417904199449594,300.0,420.86221023037933,2554.499267370801,3.5584019765297984e-06,8187,1.535198113768687,0.565538166835566,460.5594341306061
sim_11_9,0,0.8804228781923176,300.0,429.34484974202263,3093.2703673281526,3.1987123691053834e-06,10962,1.5666226437073938,0.6074757818683716,469.98679311221815
sim_11_10,0,0.8322538692223297,230.0,330.77031305726337,2565.7867201469667,1.311988999962434e-05,1361,1.5605072487500635,0.5706896633161497,358.9166672125146
sim_11_11,0,0.8867293210945992,300.0,418.6096033298806,2808.7043282094546,2.7773392593090775e-06,11836,1.5227319954798608,0.6439104000365694,456.8195986439582
sim_11_12,0,0.8314645713037526,300.0,428.69569626951005,3068.0251393004355,1.6152540583246015e-06,5943,1.5468230326915677,0.5836710022505786,464.04690980747034
sim_11_13,0,0.8301622175086654,188.0,260.3113520382851,3132.3239819531386,3.902801172854781e-05,1092,1.5078453224439206,0.5768756038414127,283.47492061945707
sim_12_0,1,2.3706348310658147,221.0,505.4463374088292,2774.7523392178305,8.519398471059367e-05,644,3.0265097574613407,1.300352806365631,668.8586563989563
sim_12_1,1,3.011740198918588,199.0,381.1312110021954,9429.039511243516,0.0010242913689304813,1128,3.136070269305758,1.7040412944859038,624.0779835918459
sim_12_2,1,2.34628311259414,300.0,390.5713763193611,1254.9828814704704,3.706381443322953e-05,6883,2.432130271158463,1.1334647520389254,729.6390813475389
sim_12_3,1,2.2720840402877864,226.0,532.8461316365166,9363.941808258463,1.483263468308187e-05,391,3.0474337866841057,1.1976586549719705,688.7200357906079
sim_12_4,1,2.6577287011637023,232.0,157.01273833673497,774.4812433305311,0.001092223450839891,2769,2.4433945369706596,1.2455419948118438,566.8675325771931
sim_12_5,1,2.512364977024194,300.0,175.27692375210148,221.57389256568678,0.014636917906876318,32249,2.2818440741221413,1.2027139953983244,684.5532222366425
sim_12_6,0,0.8445643189768846,300.0,422.85222004856496,3358.487605262034,3.038387591301302e-06,2948,1.5263460395835424,0.6084963167083559,457.90381187506273
sim_12_7,0,0.8831509245624757,300.0,425.68063145978346,2833.1517504914746,4.0601267015811625e-06,4616,1.5499559770407274,0.6252757812110254,464.9867931122182
sim_12_8,0,0.8997368207622768,137.0,190.21303845951255,2450.3960237452784,9.757581140477236e-05,288,1.5511975678495387,0.5753367560567798,212.5140667953868
sim_12_9,0,0.8304951668867329,300.0,425.0,3013.0443080355417,1.0855139649347778e-06,5521,1.5417009291674157,0.5655306460935547,462.51027875022476
sim_12_10,0,0.8535872018201252,300.0,430.7261310856354,2697.867316882223,1.9624658341599357e-06,11739,1.570320217292839,0.5692929080546951,471.0960651878517
sim_12_11,0,0.874364711431502,102.0,142.8355697996826,2574.026448643366,0.000159773505239868,329,1.5571873118802424,0.5483227806662955,158.83310581178472
sim_12_12,0,0.7344969480933832,66.0,89.1403387922662,2033.622387005548,0.010039702846729129,1509,1.4417987505727576,0.5337159604913452,95.158717537802
sim_13_0,1,2.5305855347315074,178.0,177.05366418123066,3475.7092627253196,0.0007901147976630069,2542,2.410304425700098,1.2584478544686766,429.0341877746174
sim_13_1,1,2.9016649936458405,23.0,25.079872407968907,139.21545278182015,0.0,276,2.7238128930608174,1.4797090848438998,62.647696540398805
sim_13_2,1,2.672706689504659,126.0,252.4836628378161,6544.72777484315,0.00012082964899432514,275,3.0352892069963615,1.394901282751421,382.44644008154154
sim_13_3,1,2.9960339864608536,134.0,445.058423131166,24983.56260695763,1.3356863580723928e-05,86,4.033910300679165,1.9326226669067343,540.5439802910081
sim_13_4,1,3.004526215192302,300.0,530.9934086219903,135.1095614374371,0.0011827021817887749,6204,2.986985103585979,1.7994221269494988,896.0955310757937
sim_13_5,1,2.6041481456427964,163.0,319.0767932645682,12356.774708764584,9.527246725475106e-05,669,2.9292326149326713,1.4258657791426377,477.4649162340254
sim_13_6,0,0.8875251157150037,190.0,274.4157429886267,3296.5346397111957,3.3201229409205685e-05,984,1.59281864409525,0.5801835722845707,302.6355423780975
sim_13_7,0,0.8767046886558273,300.0,413.67257583746107,3212.3800833348264,3.430985117268535e-06,8966,1.5261415439528718,0.5838595617279418,457.84246318586156
sim_13_8,0,0.7684825420843953,78.0,102.59142264341595,1961.048380842325,6.313272403968425e-05,957,1.4531209722089078,0.45711296266837553,113.3434358322948
sim_13_9,0,0.9173274710457103,57.0,80.62257748298549,1864.5392786096588,0.0,1653,1.5822483296372782,0.5818895827542696,90.18815478932486
sim_13_10,0,0.8522779932497248,300.0,421.4569966200585,2540.746608101333,3.336761226463789e-06,10559,1.5409067215669978,0.5706193787715654,462.27201647009935
sim_13_11,0,0.8837157698644534,127.0,171.21331723905124,2482.0938734558576,0.00012587197681310843,254,1.5000417305759193,0.5901694700517783,190.50529978314174
sim_14_0,1,2.744998783268855,207.0,297.0420845604205,2309.3033166033956,0.00014089764859429453,725,2.722151056301398,1.477868913411439,563.4852686543894
sim_14_1,1,2.8887579030133734,300.0,367.22881150585124,8486.468308605612,0.08230577997959637,2408,2.790536203064613,1.4339599132190084,837.1608609193839
sim_14_2,1,2.8785465201357168,257.0,483.1997516555653,15108.053696440908,0.0005966131251261876,883,3.0505324268900407,1.5859582546978048,783.9868337107405
sim_14_3,1,2.7916343281709053,300.0,417.1450587026053,1517.4710987437002,2.600038734732568e-05,1693,2.800224693480783,1.373101719716031,840.067408044235
sim_14_4,1,2.5756506216653716,165.0,527.6551904416368,23824.476058142092,6.15827182864046e-05,286,3.738831907449671,1.697569447310571,616.9072647291957
sim_14_5,0,0.8038369524685003,65.0,85.70297544426332,1938.7643331153135,0.015131530334689395,1565,1.4383890858260018,0.561829353444641,93.49529057869012
sim_14_6,0,0.8544428414344737,293.0,418.6167698504206,3401.852380901085,4.350139417205967e-06,4717,1.5510319329610864,0.6046742932814942,454.4523563575983
sim_14_7,0,0.8327536305518242,79.0,109.65856099730654,2773.0437502332443,5.004229840622367e-05,920,1.518119197120852,0.5617537431028834,119.93141657254732
sim_14_8,0,0.8463002026446219,282.0,382.57678967757573,2374.3538110494055,5.500903430173252e-06,5680,1.494166622372331,0.5693888769908859,421.3549875089974
sim_14_9,0,0.8277412370756669,300.0,435.5869603190619,2825.163562021481,5.38460883140268e-06,6492,1.5757376262773186,0.5571214108856842,472.7212878831956
sim_14_10,0,0.8792212442101509,274.0,388.9730067755345,2373.907221956989,4.864199694904236e-06,3977,1.5713882709526472,0.5648540252097544,430.56038624102536
sim_14_11,0,0.8260806459972809,234.0,339.4142012350102,3017.6754615307827,8.966998543968076e-06,1536,1.5765482427586355,0.5484709879104325,368.9122888055207
sim_15_0,1,2.5819226714017707,171.0,288.00173610587836,567.9290352091726,0.00019296459390146761,209,2.7464512698254797,1.399974785159432,469.64316714015706
sim_15_1,1,2.991317064066893,300.0,676.0783978208444,13271.05167059288,2.0885114830885924e-07,1443,3.2821381601533313,1.803950044854894,984.6414480459994
sim_15_2,1,2.0538043346185537,28.0,123.06502346320826,2334.372722765992,0.0,406,4.645995704027423,1.3965808977187848,130.08787971276786
sim_15_3,1,2.886526170560962,300.0,324.6798423062325,2818.552406980352,0.058988198782763165,3521,2.798014089512713,1.2940055982188319,839.404226853814
sim_15_4,1,2.968486333320588,300.0,336.04761567373157,9937.53307351051,2.0727305160345545e-06,1765,2.8602210161062636,1.3732452096005001,858.066304831879
sim_15_5,0,0.798373346248483,100.0,138.6578522839583,2926.1739662011632,0.00012310759650180142,343,1.5125389208377729,0.521752827448886,151.2538920837773
sim_15_6,0,0.8684078715701272,44.0,58.137767414994535,1206.8742591051453,0.0,990,1.445159741587121,0.6414930407228486,63.58702862983332
sim_15_7,0,0.8944692112103224,193.0,262.33756879257686,3160.18319609229,4.812956929095123e-05,885,1.5074182220341554,0.6126652411078745,290.931716852592
sim_15_8,0,0.8225859612835508,137.0,194.5584745005984,2436.6331719125697,9.355325535195191e-05,338,1.5706386405437862,0.47594633916553497,215.1774937544987
sim_15_9,0,0.8285045281025443,45.0,64.38167441127949,1045.3416151103124,0.0,1035,1.5841924411714041,0.4729351357942446,71.28865985271318
sim_15_10,0,0.8500149737787691,177.0,246.07722365143832,2596.354969831093,5.5846349401068686e-05,530,1.5207838189079383,0.5853065929802987,269.1787359467051
sim_15_11,0,0.853847501346438,300.0,425.0705823742688,3133.662431035342,1.9529877772581932e-06,7489,1.542546235179858,0.5976769855022973,462.7638705539574
sim_16_0,1,2.799212190758123,300.0,235.15314159075146,1672.3974472747443,0.001128212810801758,9096,2.612636937849426,1.2744128965860222,783.7910813548277
sim_16_1,1,2.7726044857590164,156.0,142.28492541376264,900.4806512770986,0.00013937194721472924,604,2.597463794842913,1.3313198727995539,405.20435199549445
sim_16_2,1,2.7481756013403635,36.0,108.6830253535482,5965.392876400364,0.0,666,3.7447331802971906,1.6259274507332586,134.81039449069885
sim_16_3,1,2.71150615743869,297.0,587.3065638999789,11315.492892293127,3.953876614905294e-05,832,3.03160947849046,1.4394339972895822,900.3880151116666
sim_16_4,1,2.870695396580588,224.0,571.2941449026061,6948.624041786912,0.00033402573196609326,740,3.4005107388183062,1.783833632788408,761.7144054953006
